Player Name,Position,position_rank,Tier,change_last_14,Fp Ranking,Fp Value,One_Constant,Trade Ranking,Trade Value,Value Score
Alvin Kamara,RB,3,Tier 1,9.507843621,3,71.13652969,1,1,86.74849518,15.61196549
Christian McCaffrey,RB,1,Tier 1,-3.029970434,1,86.74849518,1,2,79.93600893,-6.812486246
Dalvin Cook,RB,2,Tier 1,2.191764659,2,79.93600893,1,3,71.13652969,-8.799479241
DK Metcalf,WR,3,Tier 1,10.3532762,7,62.64432621,1,4,68.95880226,6.31447605
Davante Adams,WR,1,Tier 1,-1.323466068,5,68.58372293,1,5,68.58372293,0
Tyreek Hill,WR,4,Tier 1,5.293573645,8,62.24895785,1,6,63.22961647,0.980658624
Josh Jacobs,RB,7,Tier 1,8.83612894,16,55.72171752,1,7,62.64432621,6.922608687
Patrick Mahomes,QB,1,Tier 1,8.066914836,32,42.11680819,1,8,62.24895785,20.13214966
Derrick Henry,RB,15,Tier 1,2.459191069,30,42.52386006,1,9,61.5573912,19.03353114
DeAndre Hopkins,WR,5,Tier 1,2.014303389,9,61.5573912,1,10,61.53456321,-0.022827988
Saquon Barkley,RB,4,Tier 1,7.508385538,4,68.95880226,1,11,61.43769457,-7.52110769
Stefon Diggs,WR,16,Tier 1,12.16324923,35,41.60405222,1,12,58.21051312,16.6064609
Michael Thomas,WR,2,Tier 1,-2.605000994,6,63.22961647,1,13,58.08449107,-5.145125402
Travis Kelce,TE,2,Tier 1,3.556647089,31,42.28052199,1,14,57.33025955,15.04973757
Aaron Jones,RB,12,Tier 1,1.745416378,23,50.45452724,1,15,56.85755928,6.403032039
Nick Chubb,RB,8,Tier 1,2.719067205,17,54.84095156,1,16,55.72171752,0.880765961
Ezekiel Elliott,RB,11,Tier 1,0.163848744,22,50.64205318,1,17,54.84095156,4.19889838
Calvin Ridley,WR,10,Tier 1,0.925452596,21,53.10700886,1,18,53.78034656,0.673337701
Terry McLaurin,WR,8,Tier 1,7.315012433,14,57.33025955,1,19,53.51245049,-3.817809064
Miles Sanders,RB,6,Tier 1,-0.953666225,15,56.85755928,1,20,53.16209306,-3.695466222
AJ Brown,WR,6,Tier 1,3.948459939,11,61.43769457,1,21,53.10700886,-8.330685715
Justin Jefferson,WR,13,Tier 1,4.128722072,28,46.39327941,1,22,50.64205318,4.24877377
Clyde Edwards-Helaire,RB,5,Tier 1,-2.661359232,10,61.53456321,1,23,50.45452724,-11.08003597
Keenan Allen,WR,18,Tier 2,6.293602413,39,39.90147472,1,24,49.56273504,9.661260316
Chris Godwin,WR,7,Tier 1,5.494580581,12,58.21051312,1,25,49.30497458,-8.905538543
CeeDee Lamb,WR,9,Tier 1,-2.290420029,19,53.51245049,1,26,48.83351355,-4.678936936
George Kittle,TE,1,Tier 1,2.068472701,13,58.08449107,1,27,48.34182039,-9.742670678
Joe Mixon,RB,16,Tier 1,-0.847008791,34,41.67664591,1,28,46.39327941,4.716633503
Jonathan Taylor,RB,13,Tier 1,-0.383653588,25,49.30497458,1,29,42.7673741,-6.537600475
Tyler Lockett,WR,26,Tier 2,-1.980079737,52,35.26783245,1,30,42.52386006,7.25602761
JK Dobbins,RB,10,Tier 1,0.627024481,20,53.16209306,1,31,42.28052199,-10.88157107
Amari Cooper,WR,15,Tier 1,3.971340383,33,42.09066661,1,32,42.11680819,0.026141579
D'Andre Swift,RB,9,Tier 1,-0.578937831,18,53.78034656,1,33,42.09066661,-11.68967994
Mike Evans,WR,20,Tier 2,5.41232959,43,38.08321364,1,34,41.67664591,3.593432265
Darren Waller,TE,4,Tier 2,7.323145354,55,34.14979723,1,35,41.60405222,7.454254989
Josh Allen,QB,7,Tier 3,4.646286063,68,28.52872357,1,36,40.89358765,12.36486408
Kareem Hunt,RB,19,Tier 2,1.550017319,41,39.58284216,1,37,40.26283754,0.679995377
Tyler Boyd,WR,24,Tier 2,6.79006699,48,36.32725835,1,38,40.0256982,3.698439852
TJ Hockenson,TE,6,Tier 2,6.72035522,60,30.93934645,1,39,39.90147472,8.962128271
Lamar Jackson,QB,6,Tier 3,5.93023127,67,28.87896383,1,40,39.81339042,10.9344266
Julio Jones,WR,25,Tier 2,1.74927871,49,36.10613539,1,41,39.58284216,3.476706775
Austin Ekeler,RB,14,Tier 1,2.624203081,26,48.83351355,1,42,38.74985036,-10.08366319
Mark Andrews,TE,3,Tier 2,5.969456015,40,39.81339042,1,43,38.08321364,-1.73017678
Allen Robinson,WR,12,Tier 1,3.078503531,27,48.34182039,1,44,37.94789605,-10.39392434
Russell Wilson,QB,3,Tier 2,-8.108562502,51,35.43488324,1,45,37.61224465,2.177361411
DJ Moore,WR,11,Tier 1,-0.465417495,24,49.56273504,1,46,37.2664582,-12.29627684
Jerry Jeudy,WR,27,Tier 2,4.909059672,53,34.9546591,1,47,36.68185814,1.727199039
Deshaun Watson,QB,4,Tier 2,1.449567437,57,32.72757409,1,48,36.32725835,3.599684257
Kyler Murray,QB,2,Tier 2,-12.23136375,44,37.94789605,1,49,36.10613539,-1.841760667
Justin Herbert,QB,12,Tier 3,3.024998301,107,20.19908065,1,50,35.46302898,15.26394833
Aaron Rodgers,QB,11,Tier 3,4.425950607,106,20.2028989,1,51,35.43488324,15.23198435
Chris Carson,RB,23,Tier 2,4.738315632,61,30.8504889,1,52,35.26783245,4.417343547
Will Fuller,WR,37,Tier 3,4.55233565,86,23.404441,1,53,34.9546591,11.55021811
Antonio Gibson,RB,17,Tier 1,3.655125748,36,40.89358765,1,54,34.35428543,-6.539302221
James Robinson,RB,18,Tier 1,1.756122923,38,40.0256982,1,55,34.14979723,-5.875900967
DJ Chark,WR,19,Tier 2,7.371522471,42,38.74985036,1,56,32.75157327,-5.998277099
Kenny Golladay,WR,14,Tier 1,-7.739321915,29,42.7673741,1,57,32.72757409,-10.03980001
Brandon Aiyuk,WR,39,Tier 3,3.374650912,88,22.98025739,1,58,32.5312848,9.551027403
Tee Higgins,WR,17,Tier 1,-1.972026079,37,40.26283754,1,59,32.30556662,-7.957270923
Dak Prescott,QB,5,Tier 2,5.639229626,62,30.6970077,1,60,30.93934645,0.242338751
Robert Woods,WR,29,Tier 3,-0.095094027,65,29.93394521,1,61,30.8504889,0.916543693
Cooper Kupp,WR,23,Tier 2,0.949927061,47,36.68185814,1,62,30.6970077,-5.984850442
James Conner,RB,24,Tier 2,-3.012423371,63,30.23853176,1,63,30.23853176,0
Noah Fant,TE,5,Tier 2,-2.000913941,56,32.75157327,1,64,30.13439475,-2.617178516
Cam Akers,RB,20,Tier 2,1.656392127,50,35.46302898,1,65,29.93394521,-5.529083767
JuJu Smith-Schuster,WR,22,Tier 2,-2.841667159,46,37.2664582,1,66,29.11190984,-8.154548363
Adam Thielen,WR,33,Tier 3,-0.638001862,75,26.86630668,1,67,28.87896383,2.012657151
Jalen Reagor,WR,30,Tier 3,0.292629031,69,28.02376527,1,68,28.52872357,0.504958301
Diontae Johnson,WR,35,Tier 3,-0.204997876,82,24.52183764,1,69,28.02376527,3.501927629
Chase Claypool,WR,34,Tier 3,-2.090853128,79,25.85275665,1,70,27.35019152,1.49743487
Odell Beckham,WR,31,Tier 3,0.62224372,70,27.35019152,1,71,27.33981679,-0.010374726
David Montgomery,RB,21,Tier 2,-1.126953051,58,32.5312848,1,72,27.13864967,-5.392635124
Courtland Sutton,WR,21,Tier 2,2.868817186,45,37.61224465,1,73,27.03293921,-10.57930544
Tua Tagovailoa,QB,9,Tier 3,2.017743606,102,20.4088423,1,74,26.94172667,6.532884369
Melvin Gordon,RB,29,Tier 3,1.161742829,80,25.57239514,1,75,26.86630668,1.293911534
Dallas Goedert,TE,8,Tier 3,4.092741308,74,26.94172667,1,76,26.79113178,-0.150594891
Ronald Jones,RB,22,Tier 2,4.582461812,59,32.30556662,1,77,26.74358029,-5.561986328
2021 Round 1,Pick,1,Tier 4,0.599844102,,,1,78,26.64942779,0
Dede Westbrook,WR,80,Tier 4,0,208,11.62739211,1,79,26.17193965,14.54454754
Todd Gurley,RB,28,Tier 3,-1.562789174,78,26.17193965,1,80,25.85275665,-0.319183
Evan Engram,TE,11,Tier 3,4.791598532,96,21.57000096,1,81,25.57239514,4.002394181
Deebo Samuel,WR,28,Tier 2,-1.92564008,54,34.35428543,1,82,24.75159957,-9.60268586
Laviska Shenault,WR,45,Tier 3,7.478329369,103,20.39243008,1,83,24.52183764,4.129407562
Joe Burrow,QB,8,Tier 3,-13.30852413,77,26.74358029,1,84,24.10190311,-2.641677178
Robby Anderson,WR,43,Tier 3,-3.461286707,97,21.55534525,1,85,23.55674915,2.001403905
Christian Kirk,WR,44,Tier 3,1.130555839,100,20.79361576,1,86,23.50973152,2.716115769
Hunter Henry,TE,7,Tier 3,-1.179331851,66,29.11190984,1,87,23.404441,-5.70746884
Corey Davis,WR,53,Tier 4,8.001022353,130,16.92811544,1,88,23.25278413,6.32466869
Damien Harris,RB,41,Tier 4,2.409057279,121,17.64990713,1,89,22.98025739,5.330350262
Kenyan Drake,RB,25,Tier 2,2.161829713,64,30.13439475,1,90,22.96309269,-7.171302057
Chase Edmonds,RB,37,Tier 3,-0.235601132,104,20.34468314,1,91,22.53846959,2.193786449
Brandin Cooks,WR,49,Tier 4,-2.525395404,117,18.52713757,1,92,22.46161066,3.934473088
Raheem Mostert,RB,27,Tier 3,-0.578756676,72,27.13864967,1,93,22.38647331,-4.752176363
Michael Pittman,WR,47,Tier 4,3.588529665,115,18.82407128,1,94,22.30451798,3.480446701
Henry Ruggs,WR,42,Tier 3,-0.125152911,95,21.83037228,1,95,22.12432318,0.293950893
2022 Round 1,Pick,2,Tier 4,-1.195812995,,,1,96,22.05036166,0
Leonard Fournette,RB,31,Tier 3,0.211184406,84,23.55674915,1,97,21.83037228,-1.726376871
Ben Roethlisberger,QB,28,Tier 4,1.691910743,170,13.9514611,1,98,21.57000096,7.618539857
Michael Gallup,WR,32,Tier 3,-0.811845119,73,27.03293921,1,99,21.55534525,-5.477593963
Devin Singletary,RB,26,Tier 3,-2.147609497,71,27.33981679,1,100,21.4400337,-5.89978309
2023 Round 1,Pick,3,Tier 4,-6.003640753,,,1,101,21.40591133,0
Mike Williams,WR,41,Tier 3,2.518244527,93,22.30451798,1,102,21.29405398,-1.010464005
Marquise Brown,WR,36,Tier 3,1.856912406,83,24.10190311,1,103,20.79361576,-3.308287356
David Johnson,RB,33,Tier 3,-1.628507277,91,22.46161066,1,104,20.63327297,-1.828337683
Jonnu Smith,TE,9,Tier 3,-1.170362905,76,26.79113178,1,105,20.4088423,-6.382289478
Jared Goff,QB,13,Tier 3,5.912950987,108,20.07874159,1,106,20.39243008,0.313688487
Zack Moss,RB,32,Tier 3,1.323747792,85,23.50973152,1,107,20.34468314,-3.165048386
Darius Slayton,WR,46,Tier 4,2.345119783,113,19.13505406,1,108,20.31341808,1.17836402
Zach Ertz,TE,12,Tier 3,0.0296742,99,21.29405398,1,109,20.2028989,-1.091155082
Darrell Henderson,RB,30,Tier 3,-0.443918279,81,24.75159957,1,110,20.19908065,-4.552518921
Hayden Hurst,TE,14,Tier 4,-0.424791177,118,18.42114077,1,111,20.07874159,1.657600821
DeVante Parker,WR,38,Tier 3,-2.180248241,87,23.25278413,1,112,19.58217352,-3.670610612
Jamison Crowder,WR,61,Tier 4,0.148556454,144,15.74252363,1,113,19.28699771,3.544474079
Jarvis Landry,WR,40,Tier 3,-0.190451691,90,22.53846959,1,114,19.14494722,-3.393522368
Curtis Samuel,WR,54,Tier 4,2.857388441,132,16.73462084,1,115,19.13649263,2.401871791
Tom Brady,QB,26,Tier 4,0.889804377,165,14.38053289,1,116,19.13505406,4.754521166
Matt Ryan,QB,15,Tier 4,-2.390354432,112,19.13649263,1,117,19.02419497,-0.112297664
Mike Davis,RB,74,Tier 4,1.652236316,256,8.818062821,1,118,18.82407128,10.00600846
AJ Dillon,RB,34,Tier 3,-3.743879308,92,22.38647331,1,119,18.66186892,-3.724604393
Denzel Mims,WR,48,Tier 4,-0.114841621,116,18.66186892,1,120,18.52713757,-0.134731347
Carson Wentz,QB,17,Tier 4,-1.937540653,120,18.02328211,1,121,18.42114077,0.397858656
Mecole Hardman,WR,51,Tier 4,-3.851580261,126,17.40310691,1,122,18.18774106,0.784634156
Antonio Brown,WR,83,Tier 4,-0.785695612,215,11.08538725,1,123,18.02328211,6.937894863
Travis Fulgham,WR,75,Tier 4,-1.860985337,195,12.32056514,1,124,17.64990713,5.329341993
Ryan Tannehill,QB,10,Tier 3,-0.695967123,105,20.31341808,1,125,17.62960388,-2.683814201
Derek Carr,QB,25,Tier 4,0.430901617,157,14.86470925,1,126,17.54557143,2.680862181
Cole Beasley,WR,92,Tier 4,4.843819555,239,9.975519227,1,127,17.52767141,7.552152181
AJ Green,WR,63,Tier 4,0.359270565,156,14.95247522,1,128,17.4078391,2.455363874
Myles Gaskin,RB,44,Tier 4,-0.927647024,140,16.1434072,1,129,17.40310691,1.259699712
Irv Smith,TE,15,Tier 4,1.105493356,123,17.54557143,1,130,17.27616555,-0.269405887
Alexander Mattison,RB,36,Tier 3,1.481933688,98,21.4400337,1,131,17.26957856,-4.170455141
James Washington,WR,68,Tier 4,8.229042092,171,13.85370737,1,132,17.02450725,3.170799887
Jack Doyle,TE,34,Tier 4,0,207,11.75126264,1,133,16.92811544,5.176852798
Jerick McKinnon,RB,54,Tier 4,2.375090959,179,13.25030811,1,134,16.80706902,3.556760911
James White,RB,43,Tier 4,4.23264293,124,17.52767141,1,135,16.73462084,-0.793050564
2021 Round 2,Pick,4,Tier 4,1.584953381,,,1,136,16.66265949,0
Rob Gronkowski,TE,28,Tier 4,1.333639572,187,12.80912077,1,137,16.62367578,3.814555007
Sterling Shepard,WR,55,Tier 4,-0.022474543,134,16.56838213,1,138,16.56838213,0
Le'Veon Bell,RB,40,Tier 4,-1.857249559,114,19.02419497,1,139,16.43888164,-2.585313334
Austin Hooper,TE,13,Tier 3,0.893995857,101,20.63327297,1,140,16.42917019,-4.204102786
Teddy Bridgewater,QB,24,Tier 4,-2.771778143,150,15.19212269,1,141,16.39637862,1.204255935
Mike Gesicki,TE,10,Tier 3,-0.969316142,89,22.96309269,1,142,16.37945976,-6.583632932
Nyheim Hines,RB,51,Tier 4,-2.068294981,163,14.43691867,1,143,16.24696331,1.810044641
Cam Newton,QB,19,Tier 4,-0.84797192,133,16.62367578,1,144,16.1434072,-0.480268584
Jamaal Williams,RB,56,Tier 4,2.266960645,182,13.18087697,1,145,15.96320735,2.782330378
Phillip Lindsay,RB,35,Tier 3,-2.19286385,94,22.12432318,1,146,15.87770215,-6.246621025
Dalton Schultz,TE,32,Tier 4,1.99943599,201,12.03592557,1,147,15.84265865,3.806733087
Preston Williams,WR,58,Tier 4,2.05500004,137,16.39637862,1,148,15.74252363,-0.65385499
JD McKissic,RB,97,Tier 4,0.816377612,,,1,149,15.68805747,0
Julian Edelman,WR,65,Tier 4,0,162,14.60558683,1,150,15.67826241,1.072675584
Matthew Stafford,QB,14,Tier 4,-0.566788943,111,19.14494722,1,151,15.52003127,-3.624915952
Tarik Cohen,RB,42,Tier 4,1.309711875,122,17.62960388,1,152,15.46643669,-2.163167187
Bryan Edwards,WR,59,Tier 4,-2.033001259,141,15.96320735,1,153,15.32866142,-0.634545928
Jimmy Graham,TE,40,Tier 4,1.065306282,236,10.01162669,1,154,15.19796071,5.186334012
Breshad Perriman,WR,72,Tier 4,8.042346649,188,12.80603184,1,155,15.19212269,2.386090843
Rashaad Penny,RB,47,Tier 4,0.652472004,153,15.06473926,1,156,15.12544322,0.060703961
Kerryon Johnson,RB,49,Tier 4,4.856459474,158,14.78987648,1,157,15.1090339,0.319157421
Salvon Ahmed,RB,98,Tier 4,2.278226137,,,1,158,15.10086811,0
Blake Jarwin,TE,26,Tier 4,-0.727510514,175,13.68093878,1,159,15.06473926,1.383800479
John Brown,WR,57,Tier 4,4.865005412,136,16.42917019,1,160,15.06416748,-1.365002705
Josh Reynolds,WR,87,Tier 4,1.411512072,226,10.54846272,1,161,14.95382554,4.405362821
Cole Kmet,TE,18,Tier 4,2.027067507,138,16.37945976,1,162,14.95247522,-1.42698454
Sammy Watkins,WR,62,Tier 4,1.465643886,152,15.1090339,1,163,14.86470925,-0.24432465
Kyle Rudolph,TE,45,Tier 4,7.584583841,273,7.384164879,1,164,14.78987648,7.4057116
Tony Pollard,RB,39,Tier 4,0.022010087,110,19.28699771,1,165,14.77968432,-4.507313392
Drew Brees,QB,27,Tier 4,-0.797123136,166,14.37388097,1,166,14.73764543,0.363764459
Carlos Hyde,RB,93,Tier 4,3.390679857,295,3.562359986,1,167,14.62141475,11.05905476
Gabriel Davis,WR,69,Tier 4,-1.512234765,178,13.37782823,1,168,14.60558683,1.227758597
LeSean McCoy,RB,95,Tier 4,1.78E-15,298,2.222030373,1,169,14.43691867,12.2148883
Anthony McFarland,RB,63,Tier 4,2.93963003,203,11.97304854,1,170,14.42474526,2.451696712
Marvin Jones,WR,56,Tier 4,0.353145952,135,16.43888164,1,171,14.38053289,-2.058348742
Kalen Ballage,RB,99,Tier 4,3.080736827,,,1,172,14.37730981,0
Kirk Cousins,QB,18,Tier 4,1.684336161,128,17.26957856,1,173,14.37388097,-2.895697593
2022 Round 2,Pick,5,Tier 4,1.032466861,,,1,174,14.36646026,0
Jakobi Meyers,WR,91,Tier 4,-1.624326125,238,9.994156959,1,175,14.22080545,4.226648494
Latavius Murray,RB,53,Tier 4,0.143570219,177,13.55027837,1,176,14.06896214,0.518683776
Daniel Jones,QB,20,Tier 4,-0.809780329,139,16.24696331,1,177,13.98930076,-2.257662557
Duke Johnson,RB,48,Tier 4,0.976929177,154,15.06416748,1,178,13.9514611,-1.112706378
Baker Mayfield,QB,16,Tier 4,-0.456710255,119,18.18774106,1,179,13.85370737,-4.334033697
Robert Tonyan,TE,24,Tier 4,-1.65466452,168,14.06896214,1,180,13.78447002,-0.284492126
Logan Thomas,TE,30,Tier 4,1.959577491,193,12.32878828,1,181,13.73265776,1.403869486
Allen Lazard,WR,64,Tier 4,-0.30590589,159,14.77968432,1,182,13.72909629,-1.050588027
Parris Campbell,WR,50,Tier 4,1.050075666,125,17.4078391,1,183,13.68093878,-3.726900315
Lynn Bowden,RB,80,Tier 4,0.822303882,270,7.772492253,1,184,13.62525036,5.852758103
2023 Round 4,Pick,6,Tier 4,0.087487034,,,1,185,13.60408015,0
Sony Michel,RB,59,Tier 4,-0.991472739,189,12.60830117,1,186,13.55027837,0.941977193
Joshua Kelley,RB,46,Tier 4,-2.44726822,149,15.19796071,1,187,13.37782823,-1.820132476
Jared Cook,TE,22,Tier 4,-0.555363316,160,14.73764543,1,188,13.25030811,-1.487337319
Brian Hill,RB,92,Tier 4,-0.466820143,293,4.570474893,1,189,13.21231099,8.641836098
Eric Ebron,TE,17,Tier 4,-0.642883835,131,16.80706902,1,190,13.19289084,-3.614178183
KJ Hamler,WR,66,Tier 4,0.655747033,164,14.42474526,1,191,13.18087697,-1.243868283
Giovani Bernard,RB,69,Tier 4,-0.868782567,233,10.24270729,1,192,13.15734682,2.914639523
N'Keal Harry,WR,52,Tier 4,-0.755064394,127,17.27616555,1,193,13.08366863,-4.192496917
Ryquell Armstead,RB,76,Tier 4,2.713147148,258,8.703596563,1,194,13.04887758,4.345281012
Hunter Renfrow,WR,74,Tier 4,1.966434825,192,12.37745847,1,195,12.97685199,0.599393521
Boston Scott,RB,70,Tier 4,-1.466076754,235,10.19302388,1,196,12.80912077,2.616096889
John Hightower,WR,111,Tier 4,0,282,5.951912831,1,197,12.80603184,6.854119014
Anthony Miller,WR,60,Tier 4,-0.773592064,143,15.84265865,1,198,12.60830117,-3.23435748
Taysom Hill,QB,38,Tier 4,-0.317168479,245,9.507098946,1,199,12.54997202,3.042873071
Lamical Perine,RB,100,Tier 4,0.25002721,,,1,200,12.43789852,0
Nick Foles,QB,33,Tier 4,1.934194063,217,11.0070635,1,201,12.42952026,1.422456765
Marquez Valdes-Scantling,WR,86,Tier 4,-1.995068744,220,10.91498803,1,202,12.37745847,1.462470441
Drew Lock,QB,21,Tier 4,-3.530197017,145,15.67826241,1,203,12.32878828,-3.349474135
Tim Patrick,WR,107,Tier 4,-0.319493812,271,7.639789778,1,204,12.32161791,4.681828131
Philip Rivers,QB,35,Tier 4,-0.259553633,223,10.68809649,1,205,12.32056514,1.632468648
Jimmy Garoppolo,QB,23,Tier 4,-2.491279019,148,15.32866142,1,206,12.26783222,-3.060829205
Wayne Gallman,RB,85,Tier 4,1.892803766,284,5.788031785,1,207,12.25193547,6.463903681
Devonta Freeman,RB,71,Tier 4,0.936799969,241,9.832005459,1,208,12.18091018,2.34890472
Darnell Mooney,WR,85,Tier 4,0.777683885,219,10.9426642,1,209,12.17668345,1.234019252
Quintez Cephus,WR,102,Tier 4,-2.602476769,262,8.454681424,1,210,12.1531304,3.698448978
Van Jefferson,WR,84,Tier 4,-0.798876073,218,10.95051323,1,211,12.03592557,1.085412337
Gus Edwards,RB,57,Tier 4,1.902302612,185,13.04887758,1,212,12.02109723,-1.027780349
Rashard Higgins,WR,112,Tier 4,2.612854559,286,5.533906276,1,213,11.97304854,6.439142269
Chris Herndon,TE,19,Tier 4,4.734470267,142,15.87770215,1,214,11.96530424,-3.912397915
Ke'Shawn Vaughn,RB,38,Tier 4,1.621862603,109,19.58217352,1,215,11.89367228,-7.688501236
Justin Jackson,RB,45,Tier 4,-1.003494774,146,15.52003127,1,216,11.82290184,-3.697129424
Jace Sternberger,TE,36,Tier 4,-1.78E-15,213,11.26749581,1,217,11.75126264,0.483766832
Tyler Johnson,WR,94,Tier 4,-1.881946325,242,9.749598414,1,218,11.62739211,1.877793699
Jordan Reed,TE,47,Tier 4,-0.079040794,,,1,219,11.61738697,0
Gardner Minshew,QB,29,Tier 4,1.78E-15,173,13.73265776,1,220,11.58209619,-2.150561571
Russell Gage,WR,100,Tier 4,3.186039852,255,8.954251057,1,221,11.48296508,2.528714025
2023 Round 2,Pick,7,Tier 4,-1.000143396,,,1,222,11.42013957,0
Randall Cobb,WR,90,Tier 4,1.78E-15,237,10.00179551,1,223,11.3128039,1.311008392
Kyle Allen,QB,44,Tier 4,0,294,4.009937582,1,224,11.29352932,7.283591738
Auden Tate,WR,101,Tier 4,7.541871788,260,8.567244895,1,225,11.26749581,2.700250918
Andy Dalton,QB,42,Tier 4,-0.603388956,278,6.982909544,1,226,11.21907385,4.236164305
Damien Williams,RB,65,Tier 4,1.78E-15,212,11.29352932,1,227,11.08538725,-0.20814207
DeeJay Dallas,RB,58,Tier 4,-1.587457591,186,12.97685199,1,228,11.01703202,-1.959819973
Alshon Jeffery,WR,77,Tier 4,1.735830448,197,12.25193547,1,229,11.0070635,-1.24487197
TY Hilton,WR,67,Tier 4,-1.471222005,169,13.98930076,1,230,10.95051323,-3.038787525
Harrison Bryant,TE,27,Tier 4,-2.209218932,176,13.62525036,1,231,10.9426642,-2.68258616
Keelan Cole,WR,113,Tier 4,-2.409833397,,,1,232,10.93195312,0
Jordan Howard,RB,73,Tier 4,0,252,9.17206228,1,233,10.91498803,1.742925748
Ian Thomas,TE,29,Tier 4,1.778323016,190,12.54997202,1,234,10.9127576,-1.637214416
Ryan Fitzpatrick,QB,45,Tier 4,0.870773498,297,2.285876081,1,235,10.77673331,8.490857227
2021 Round 3,Pick,8,Tier 4,0.27650977,,,1,236,10.77178726,0
Devin Duvernay,WR,81,Tier 4,0.8437527,211,11.3128039,1,237,10.68809649,-0.624707411
Adam Trautman,TE,23,Tier 4,1.142359269,167,14.22080545,1,238,10.67029511,-3.550510346
Sam Darnold,QB,22,Tier 4,-0.385646611,147,15.46643669,1,239,10.66313739,-4.803299302
Darrynton Evans,RB,68,Tier 4,-1.547897763,232,10.28413944,1,240,10.54846272,0.264323285
Emmanuel Sanders,WR,71,Tier 4,-3.234579378,184,13.08366863,1,241,10.51800208,-2.565666547
Andy Isabella,WR,73,Tier 4,0.319350667,191,12.42952026,1,242,10.44706842,-1.982451844
Jaylen Samuels,RB,77,Tier 4,-1.78E-15,259,8.598888481,1,243,10.391167,1.792278523
Larry Fitzgerald,WR,98,Tier 4,0.815604058,251,9.263617293,1,244,10.36791813,1.104300841
2022 Round 4,Pick,9,Tier 4,1.322918572,,,1,245,10.36262092,0
Mark Ingram,RB,50,Tier 4,-0.706550223,161,14.62141475,1,246,10.34084291,-4.280571839
Mo Alie-Cox,TE,44,Tier 4,-4.272556636,253,9.120405376,1,247,10.28413944,1.163734061
Jordan Love,QB,36,Tier 4,2.737657366,230,10.36791813,1,248,10.24270729,-0.12521084
Gerald Everett,TE,21,Tier 4,-1.211931349,155,14.95382554,1,249,10.2410931,-4.712732446
Rex Burkhead,RB,90,Tier 4,-4.564897131,291,4.768207125,1,250,10.19302388,5.424816758
Bryce Love,RB,78,Tier 4,3.55E-15,261,8.528308835,1,251,10.01162669,1.483317858
Nelson Agholor,WR,95,Tier 4,-2.497949402,243,9.727437899,1,252,10.00179551,0.274357609
Alex Smith,QB,39,Tier 4,0.829126441,264,8.20371834,1,253,9.994156959,1.790438618
Drew Sample,TE,33,Tier 4,1.514852164,204,11.96530424,1,254,9.975519227,-1.989785009
Jake Luton,QB,40,Tier 4,-2.924659481,266,8.092434201,1,255,9.867631772,1.775197572
Malcolm Brown,RB,61,Tier 4,-2.01997628,199,12.17668345,1,256,9.832005459,-2.344677989
Dawson Knox,TE,20,Tier 4,-3.34808487,151,15.12544322,1,257,9.749598414,-5.375844807
Darren Fells,TE,41,Tier 4,1.78E-15,247,9.429941304,1,258,9.727437899,0.297496595
JJ Arcega-Whiteside,WR,88,Tier 4,-2.555570293,229,10.391167,1,259,9.712131143,-0.679035861
Cameron Brate,TE,48,Tier 4,0,,,1,260,9.693634438,0
Collin Johnson,WR,114,Tier 4,0,,,1,261,9.653862103,0
Dare Ogunbowale,RB,101,Tier 4,-1.78E-15,,,1,262,9.589059714,0
Mitchell Trubisky,QB,31,Tier 4,-2.138730882,210,11.48296508,1,263,9.507098946,-1.975866136
Scott Miller,WR,115,Tier 4,-0.890677933,,,1,264,9.461136155,0
Will Dissly,TE,37,Tier 4,-0.881970674,222,10.77673331,1,265,9.437997392,-1.338735916
DeSean Jackson,WR,82,Tier 4,1.78E-15,214,11.21907385,1,266,9.429941304,-1.789132545
2021 Round 4,Pick,10,Tier 4,0.504919739,,,1,267,9.417562511,0
Benny Snell,RB,66,Tier 4,-1.127234448,225,10.66313739,1,268,9.379363404,-1.283773985
Adrian Peterson,RB,75,Tier 4,-3.647924055,257,8.732634626,1,269,9.310159277,0.57752465
JaMycal Hasty,RB,81,Tier 4,-1.043641656,272,7.418428613,1,270,9.283661282,1.865232669
Jameis Winston,QB,30,Tier 4,-4.925601844,183,13.15734682,1,271,9.263617293,-3.893729523
Greg Ward,WR,116,Tier 4,1.092511187,,,1,272,9.217527632,0
Tevin Coleman,RB,60,Tier 4,-0.355818595,194,12.32161791,1,273,9.17206228,-3.149555629
Frank Gore,RB,96,Tier 4,-0.276079755,299,1.850072099,1,274,9.120405376,7.270333277
Jacoby Brissett,QB,41,Tier 4,2.108627673,276,7.186820232,1,275,9.080495658,1.893675426
2021 Round 6,Pick,11,Tier 4,-0.707909616,,,1,276,9.036693183,0
Steven Sims,WR,96,Tier 4,0,244,9.712131143,1,277,8.954251057,-0.757880086
2021 Round 7,Pick,12,Tier 4,0.209392279,,,1,278,8.848011262,0
Zach Pascal,WR,103,Tier 4,-1.753645246,263,8.338845133,1,279,8.818062821,0.479217687
Nick Mullens,QB,46,Tier 4,6.443680899,,,1,280,8.797001655,0
Tyrell Williams,WR,89,Tier 4,0,234,10.2410931,1,281,8.732634626,-1.50845847
Tre'Quan Smith,WR,79,Tier 4,-1.247562695,205,11.89367228,1,282,8.703596563,-3.19007572
Trey Burton,TE,38,Tier 4,-0.694060163,224,10.67029511,1,283,8.598888481,-2.071406625
Dion Lewis,RB,94,Tier 4,-2.266905837,296,3.429305488,1,284,8.567244895,5.137939407
OJ Howard,TE,16,Tier 4,-4.325691997,129,17.02450725,1,285,8.528308835,-8.496198417
DeAndre Washington,RB,102,Tier 4,-1.78E-15,,,1,286,8.484418256,0
CJ Uzomah,TE,49,Tier 4,-9.367443329,,,1,287,8.461304899,0
Marlon Mack,RB,52,Tier 4,-2.289632283,174,13.72909629,1,288,8.454681424,-5.274414869
Albert Okwuegbunam,TE,35,Tier 4,-1.371249121,209,11.58209619,1,289,8.338845133,-3.243251058
Antonio Gandy-Golden,WR,105,Tier 4,0,267,8.02288894,1,290,8.20371834,0.1808294
Kendrick Bourne,WR,108,Tier 4,1.883996177,274,7.368764515,1,291,8.185285202,0.816520687
David Njoku,TE,25,Tier 4,1.150174808,172,13.78447002,1,292,8.092434201,-5.692035816
Mike Boone,RB,84,Tier 4,0,283,5.950934443,1,293,8.02288894,2.071954497
John Ross,WR,78,Tier 4,0.881493885,200,12.1531304,1,294,7.986351023,-4.16677938
Golden Tate,WR,70,Tier 4,-0.649111751,181,13.19289084,1,295,7.784873351,-5.408017487
Dwayne Haskins,QB,32,Tier 4,-1.78E-15,216,11.01703202,1,296,7.772492253,-3.244539765
Tyler Eifert,TE,46,Tier 4,-2.211730062,281,6.012631981,1,297,7.639789778,1.627157797
Derrius Guice,RB,72,Tier 4,-0.256282051,246,9.437997392,1,298,7.418428613,-2.019568778
Jalen Hurts,QB,34,Tier 4,0.40249525,221,10.9127576,1,299,7.384164879,-3.528592721
Devontae Booker,RB,79,Tier 4,0.348589777,268,7.986351023,1,300,7.368764515,-0.617586507
Jordan Akins,TE,42,Tier 4,-2.072332175,248,9.379363404,1,301,7.334165874,-2.04519753
Justice Hill,RB,67,Tier 4,-0.122788032,227,10.51800208,1,302,7.186820232,-3.331181849
Jordan Wilkins,RB,82,Tier 4,-1.398559154,275,7.334165874,1,303,7.119497033,-0.214668841
Matt Breida,RB,64,Tier 4,-0.884485525,206,11.82290184,1,304,6.982909544,-4.839992299
2022 Round 6,Pick,13,Tier 4,1.594437212,,,1,305,6.919977997,0
Royce Freeman,RB,55,Tier 4,0,180,13.21231099,1,306,6.74685445,-6.465456541
Lamar Miller,RB,103,Tier 4,0,,,1,307,6.671830657,0
Adam Humphries,WR,109,Tier 4,-3.762709554,277,7.119497033,1,308,6.664427492,-0.455069542
Olabisi Johnson,WR,97,Tier 4,-8.88E-16,249,9.310159277,1,309,6.012631981,-3.297527296
Eno Benjamin,RB,62,Tier 4,0.602852163,202,12.02109723,1,310,5.951912831,-6.069184396
Hakeem Butler,TE,43,Tier 4,-8.88E-16,250,9.283661282,1,311,5.950934443,-3.332726839
Devine Ozigbo,RB,104,Tier 4,8.88E-16,,,1,312,5.934471257,0
D'Ernest Johnson,RB,105,Tier 4,-1.898191154,,,1,313,5.933609228,0
Chris Thompson,RB,86,Tier 4,0,285,5.782444492,1,314,5.788031785,0.005587292
Donovan Peoples-Jones,WR,99,Tier 4,3.205002367,254,9.080495658,1,315,5.782444492,-3.298051165
Dan Arnold,TE,50,Tier 4,8.88E-16,,,1,316,5.780265852,0
Darrel Williams,RB,89,Tier 4,1.103977626,290,4.805701532,1,317,5.533906276,0.728204744
Greg Olsen,TE,39,Tier 4,-2.364952632,228,10.44706842,1,318,5.517658472,-4.929409946
Miles Boykin,WR,76,Tier 4,-0.090082594,196,12.26783222,1,319,5.162806033,-7.105026185
Tyrod Taylor,QB,43,Tier 4,0,287,5.517658472,1,320,4.879713432,-0.63794504
Devin Asiasi,TE,31,Tier 4,2.230534419,198,12.18091018,1,321,4.805701532,-7.375208647
Jarrett Stidham,QB,37,Tier 4,0,231,10.34084291,1,322,4.768207125,-5.572635782
Joe Flacco,QB,47,Tier 4,8.88E-16,,,1,323,4.689876968,0
Peyton Barber,RB,88,Tier 4,0,289,4.879713432,1,324,4.596262338,-0.283451093
Ito Smith,RB,91,Tier 4,-8.88E-16,292,4.596262338,1,325,4.570474893,-0.025787445
Jalen Hurd,WR,93,Tier 4,-8.88E-16,240,9.867631772,1,326,4.009937582,-5.857694191
2023 Round 3,Pick,14,Tier 4,-0.203311501,,,1,327,3.627926493,0
Josh Gordon,WR,110,Tier 4,-4.44E-16,280,6.664427492,1,328,3.562359986,-3.102067506
Kaden Smith,TE,51,Tier 4,-0.93181033,,,1,329,3.562059396,0
Darwin Thompson,RB,83,Tier 4,-1.285506382,279,6.74685445,1,330,3.429305488,-3.317548962
Jalen Richard,RB,87,Tier 4,4.44E-16,288,5.162806033,1,331,2.285876081,-2.876929953
Devin Funchess,WR,104,Tier 4,4.44E-16,265,8.185285202,1,332,2.222030373,-5.963254829
Mohamed Sanu,WR,106,Tier 4,-4.44E-16,269,7.784873351,1,333,1.850072099,-5.934801251
